Designator,Footprint,Quantity,Value,LCSC Part #
"_20, _19, _18, _17, _16, _15, _14, _13, _12, _11, _10, _9, _8, _7, _6, _5, _4, _3, _2, ",,20,,
A1,Arduino_Nano,1,Arduino_Nano_v3.x,
"C1, C2",C_Disc_D4.3mm_W1.9mm_P5.00mm,2,105,
Q1,TO-92_HandSolder,1,2N3904,
"R1, R2",R_Axial_DIN0207_L6.3mm_D2.5mm_P7.62mm_Horizontal,2,10k,
R3,R_Axial_DIN0207_L6.3mm_D2.5mm_P7.62mm_Horizontal,1,2k2,
R4,R_Axial_DIN0207_L6.3mm_D2.5mm_P7.62mm_Horizontal,1,100K,
U1,MODULE_ESP32-DEVKITC-32D,1,ESP32-DEVKITC-32D,
U2,TO-220-3_Horizontal_TabDown,1,L7805,
